Country Name,Country Code,Series,Series Code,2014 [YR2014],2015 [YR2015],2016 [YR2016],2017 [YR2017],2018 [YR2018],2019 [YR2019],2020 [YR2020]
Afghanistan,AFG,"School life expectancy, primary to tertiary, both sexes (years)",SE.SCH.LIFE,10.17435,..,..,..,10.19755,..,..
Albania,ALB,"School life expectancy, primary to tertiary, both sexes (years)",SE.SCH.LIFE,15.25242,15.0763,14.8046,14.81613,14.69562,14.81892,..
Algeria,DZA,"School life expectancy, primary to tertiary, both sexes (years)",SE.SCH.LIFE,..,..,..,..,..,..,..
American Samoa,ASM,"School life expectancy, primary to tertiary, both sexes (years)",SE.SCH.LIFE,..,..,..,..,..,..,..
Andorra,AND,"School life expectancy, primary to tertiary, both sexes (years)",SE.SCH.LIFE,..,..,..,..,..,..,..
Angola,AGO,"School life expectancy, primary to tertiary, both sexes (years)",SE.SCH.LIFE,..,..,..,..,..,..,..
Antigua and Barbuda,ATG,"School life expectancy, primary to tertiary, both sexes (years)",SE.SCH.LIFE,..,..,..,..,..,..,..
Arab World,ARB,"School life expectancy, primary to tertiary, both sexes (years)",SE.SCH.LIFE,11.2634,11.41122,11.459,11.57364,11.6916,..,..
Argentina,ARG,"School life expectancy, primary to tertiary, both sexes (years)",SE.SCH.LIFE,17.27014,17.40955,17.66886,17.6542,..,..,..
Armenia,ARM,"School life expectancy, primary to tertiary, both sexes (years)",SE.SCH.LIFE,13.10354,12.96795,..,..,13.06861,13.10609,..
Aruba,ABW,"School life expectancy, primary to tertiary, both sexes (years)",SE.SCH.LIFE,..,..,..,..,..,..,..
Australia,AUS,"School life expectancy, primary to tertiary, both sexes (years)",SE.SCH.LIFE,..,23.08892,22.7473,21.95433,20.50924,..,..
Austria,AUT,"School life expectancy, primary to tertiary, both sexes (years)",SE.SCH.LIFE,15.85573,15.95141,16.08119,16.09207,16.06675,..,..
Azerbaijan,AZE,"School life expectancy, primary to tertiary, both sexes (years)",SE.SCH.LIFE,..,..,..,..,13.30998,13.47167,..
"Bahamas, The",BHS,"School life expectancy, primary to tertiary, both sexes (years)",SE.SCH.LIFE,..,..,..,..,..,..,..
Bahrain,BHR,"School life expectancy, primary to tertiary, both sexes (years)",SE.SCH.LIFE,13.68833,15.99202,16.34917,16.41513,16.25482,16.29756,..
Bangladesh,BGD,"School life expectancy, primary to tertiary, both sexes (years)",SE.SCH.LIFE,..,..,..,11.59809,12.03569,..,..
Barbados,BRB,"School life expectancy, primary to tertiary, both sexes (years)",SE.SCH.LIFE,..,..,..,..,..,..,..
Belarus,BLR,"School life expectancy, primary to tertiary, both sexes (years)",SE.SCH.LIFE,15.62298,15.56528,15.58064,15.58523,15.40479,..,..
Belgium,BEL,"School life expectancy, primary to tertiary, both sexes (years)",SE.SCH.LIFE,19.69639,19.76292,19.69991,19.77438,19.56102,..,..
Belize,BLZ,"School life expectancy, primary to tertiary, both sexes (years)",SE.SCH.LIFE,12.74405,12.79226,13.43655,13.11358,13.14905,13.14089,..
Benin,BEN,"School life expectancy, primary to tertiary, both sexes (years)",SE.SCH.LIFE,12.56749,12.80451,12.61455,..,..,..,..
Bermuda,BMU,"School life expectancy, primary to tertiary, both sexes (years)",SE.SCH.LIFE,12.64683,12.71138,..,..,..,..,..
Bhutan,BTN,"School life expectancy, primary to tertiary, both sexes (years)",SE.SCH.LIFE,..,..,..,..,13.10214,..,..
Bolivia,BOL,"School life expectancy, primary to tertiary, both sexes (years)",SE.SCH.LIFE,..,..,..,..,..,..,..
Bosnia and Herzegovina,BIH,"School life expectancy, primary to tertiary, both sexes (years)",SE.SCH.LIFE,..,..,..,..,..,..,..
Botswana,BWA,"School life expectancy, primary to tertiary, both sexes (years)",SE.SCH.LIFE,..,..,..,..,..,..,..
Brazil,BRA,"School life expectancy, primary to tertiary, both sexes (years)",SE.SCH.LIFE,..,..,..,..,..,..,..
British Virgin Islands,VGB,"School life expectancy, primary to tertiary, both sexes (years)",SE.SCH.LIFE,..,15.22545,15.40974,..,11.97483,..,..
Brunei Darussalam,BRN,"School life expectancy, primary to tertiary, both sexes (years)",SE.SCH.LIFE,14.87515,14.62773,14.59231,14.46683,14.30505,14.06389,..
Bulgaria,BGR,"School life expectancy, primary to tertiary, both sexes (years)",SE.SCH.LIFE,15.08737,14.94668,14.64491,14.41442,14.19588,..,..
Burkina Faso,BFA,"School life expectancy, primary to tertiary, both sexes (years)",SE.SCH.LIFE,7.86708,8.25893,8.52559,8.90648,9.27373,9.26204,..
Burundi,BDI,"School life expectancy, primary to tertiary, both sexes (years)",SE.SCH.LIFE,11.37755,11.52796,11.48011,10.93011,10.77537,..,..
Cabo Verde,CPV,"School life expectancy, primary to tertiary, both sexes (years)",SE.SCH.LIFE,13.40017,13.14307,13.04735,12.9541,12.7042,..,..
Cambodia,KHM,"School life expectancy, primary to tertiary, both sexes (years)",SE.SCH.LIFE,..,..,..,..,..,..,..
Cameroon,CMR,"School life expectancy, primary to tertiary, both sexes (years)",SE.SCH.LIFE,11.83732,12.15103,12.10426,..,..,..,..
Canada,CAN,"School life expectancy, primary to tertiary, both sexes (years)",SE.SCH.LIFE,15.80449,15.8914,16.00966,16.15789,16.22465,..,..
Caribbean small states,CSS,"School life expectancy, primary to tertiary, both sexes (years)",SE.SCH.LIFE,12.57652,12.62106,12.73662,..,..,..,..
Cayman Islands,CYM,"School life expectancy, primary to tertiary, both sexes (years)",SE.SCH.LIFE,..,..,..,..,..,..,..
Central African Republic,CAF,"School life expectancy, primary to tertiary, both sexes (years)",SE.SCH.LIFE,..,..,..,..,..,..,..
Central Europe and the Baltics,CEB,"School life expectancy, primary to tertiary, both sexes (years)",SE.SCH.LIFE,15.64548,15.59954,15.52002,15.53811,15.44819,15.45482,..
Chad,TCD,"School life expectancy, primary to tertiary, both sexes (years)",SE.SCH.LIFE,7.87956,7.34935,..,..,..,..,..
Channel Islands,CHI,"School life expectancy, primary to tertiary, both sexes (years)",SE.SCH.LIFE,..,..,..,..,..,..,..
Chile,CHL,"School life expectancy, primary to tertiary, both sexes (years)",SE.SCH.LIFE,16.24947,16.36504,16.41804,16.44755,16.58595,..,..
China,CHN,"School life expectancy, primary to tertiary, both sexes (years)",SE.SCH.LIFE,..,..,..,..,..,..,..
Colombia,COL,"School life expectancy, primary to tertiary, both sexes (years)",SE.SCH.LIFE,14.22658,14.29211,14.41986,14.40924,14.39857,..,..
Comoros,COM,"School life expectancy, primary to tertiary, both sexes (years)",SE.SCH.LIFE,11.2447,..,..,..,..,..,..
"Congo, Dem. Rep.",COD,"School life expectancy, primary to tertiary, both sexes (years)",SE.SCH.LIFE,..,..,..,..,..,..,..
"Congo, Rep.",COG,"School life expectancy, primary to tertiary, both sexes (years)",SE.SCH.LIFE,..,..,..,..,..,..,..
Costa Rica,CRI,"School life expectancy, primary to tertiary, both sexes (years)",SE.SCH.LIFE,15.11124,15.23608,15.42002,15.65154,15.90237,16.54577,..
Cote d'Ivoire,CIV,"School life expectancy, primary to tertiary, both sexes (years)",SE.SCH.LIFE,8.53671,8.89246,9.47921,9.95474,..,..,..
Croatia,HRV,"School life expectancy, primary to tertiary, both sexes (years)",SE.SCH.LIFE,15.27311,15.22484,15.1877,15.22672,15.18179,..,..
Cuba,CUB,"School life expectancy, primary to tertiary, both sexes (years)",SE.SCH.LIFE,13.96556,13.76952,13.81695,14.09766,14.2809,..,..
Curacao,CUW,"School life expectancy, primary to tertiary, both sexes (years)",SE.SCH.LIFE,..,..,..,..,..,..,..
Cyprus,CYP,"School life expectancy, primary to tertiary, both sexes (years)",SE.SCH.LIFE,14.25613,14.57015,14.74004,15.16887,15.35606,..,..
Czech Republic,CZE,"School life expectancy, primary to tertiary, both sexes (years)",SE.SCH.LIFE,16.74844,16.86044,16.83117,16.78511,16.27671,..,..
Denmark,DNK,"School life expectancy, primary to tertiary, both sexes (years)",SE.SCH.LIFE,19.13853,19.23701,19.06606,18.89342,18.7937,..,..
Djibouti,DJI,"School life expectancy, primary to tertiary, both sexes (years)",SE.SCH.LIFE,..,..,..,..,..,..,..
Dominica,DMA,"School life expectancy, primary to tertiary, both sexes (years)",SE.SCH.LIFE,..,..,..,..,..,..,..
Dominican Republic,DOM,"School life expectancy, primary to tertiary, both sexes (years)",SE.SCH.LIFE,13.75625,14.09283,14.14082,14.22252,..,..,..
Early-demographic dividend,EAR,"School life expectancy, primary to tertiary, both sexes (years)",SE.SCH.LIFE,11.8596,12.01575,12.26276,12.22709,12.05607,12.08844,..
East Asia & Pacific,EAS,"School life expectancy, primary to tertiary, both sexes (years)",SE.SCH.LIFE,12.96481,13.12926,13.20162,13.37415,13.54261,13.74897,..
East Asia & Pacific (excluding high income),EAP,"School life expectancy, primary to tertiary, both sexes (years)",SE.SCH.LIFE,12.74979,12.9233,13.00519,13.19464,13.38791,13.60928,..
East Asia & Pacific (IDA & IBRD countries),TEA,"School life expectancy, primary to tertiary, both sexes (years)",SE.SCH.LIFE,12.76336,12.93812,13.02029,13.21137,13.40647,13.63054,..
Ecuador,ECU,"School life expectancy, primary to tertiary, both sexes (years)",SE.SCH.LIFE,..,15.19845,..,..,..,..,..
"Egypt, Arab Rep.",EGY,"School life expectancy, primary to tertiary, both sexes (years)",SE.SCH.LIFE,12.73727,..,13.1253,13.32624,..,..,..
El Salvador,SLV,"School life expectancy, primary to tertiary, both sexes (years)",SE.SCH.LIFE,12.54815,12.23846,11.98343,11.6416,11.59388,..,..
Equatorial Guinea,GNQ,"School life expectancy, primary to tertiary, both sexes (years)",SE.SCH.LIFE,..,..,..,..,..,..,..
Eritrea,ERI,"School life expectancy, primary to tertiary, both sexes (years)",SE.SCH.LIFE,8.72332,8.03471,..,..,..,..,..
Estonia,EST,"School life expectancy, primary to tertiary, both sexes (years)",SE.SCH.LIFE,16.21989,16.11494,16.06362,15.989,15.91049,..,..
Eswatini,SWZ,"School life expectancy, primary to tertiary, both sexes (years)",SE.SCH.LIFE,..,..,..,..,..,..,..
Ethiopia,ETH,"School life expectancy, primary to tertiary, both sexes (years)",SE.SCH.LIFE,..,..,..,..,..,..,..
Euro area,EMU,"School life expectancy, primary to tertiary, both sexes (years)",SE.SCH.LIFE,16.61543,16.67501,16.7189,16.84602,16.93496,16.93235,..
Europe & Central Asia,ECS,"School life expectancy, primary to tertiary, both sexes (years)",SE.SCH.LIFE,15.69379,15.79579,15.87068,15.93019,16.06296,16.07614,..
Europe & Central Asia (excluding high income),ECA,"School life expectancy, primary to tertiary, both sexes (years)",SE.SCH.LIFE,14.7072,14.90904,15.03731,15.07367,15.3407,15.38209,..
Europe & Central Asia (IDA & IBRD countries),TEC,"School life expectancy, primary to tertiary, both sexes (years)",SE.SCH.LIFE,14.79566,14.97094,15.07584,15.11111,15.34768,15.38538,..
European Union,EUU,"School life expectancy, primary to tertiary, both sexes (years)",SE.SCH.LIFE,16.63148,16.64905,16.68055,16.79275,16.80223,16.80771,..
Faroe Islands,FRO,"School life expectancy, primary to tertiary, both sexes (years)",SE.SCH.LIFE,..,..,..,..,..,..,..
Fiji,FJI,"School life expectancy, primary to tertiary, both sexes (years)",SE.SCH.LIFE,..,..,..,..,..,..,..
Finland,FIN,"School life expectancy, primary to tertiary, both sexes (years)",SE.SCH.LIFE,19.26124,19.31862,19.31544,19.39712,19.476,..,..
Fragile and conflict affected situations,FCS,"School life expectancy, primary to tertiary, both sexes (years)",SE.SCH.LIFE,9.23166,9.1812,9.12562,..,..,..,..
France,FRA,"School life expectancy, primary to tertiary, both sexes (years)",SE.SCH.LIFE,15.44229,15.4227,15.52843,15.6456,15.79594,..,..
French Polynesia,PYF,"School life expectancy, primary to tertiary, both sexes (years)",SE.SCH.LIFE,..,..,..,..,..,..,..
Gabon,GAB,"School life expectancy, primary to tertiary, both sexes (years)",SE.SCH.LIFE,..,..,..,..,..,..,..
"Gambia, The",GMB,"School life expectancy, primary to tertiary, both sexes (years)",SE.SCH.LIFE,..,..,..,..,..,..,..
Georgia,GEO,"School life expectancy, primary to tertiary, both sexes (years)",SE.SCH.LIFE,14.21274,14.46464,14.68717,15.02782,15.27506,15.61537,..
Germany,DEU,"School life expectancy, primary to tertiary, both sexes (years)",SE.SCH.LIFE,16.73534,16.78934,16.87524,16.97719,16.93209,..,..
Ghana,GHA,"School life expectancy, primary to tertiary, both sexes (years)",SE.SCH.LIFE,11.05138,11.5566,11.52074,11.46962,11.48333,11.86731,..
Gibraltar,GIB,"School life expectancy, primary to tertiary, both sexes (years)",SE.SCH.LIFE,..,..,..,..,..,..,..
Global Partnership for Education,FTI,"School life expectancy, primary to tertiary, both sexes (years)",SE.SCH.LIFE,9.33926,9.36441,9.40078,9.41013,9.52297,9.58332,..
Greece,GRC,"School life expectancy, primary to tertiary, both sexes (years)",SE.SCH.LIFE,17.8985,..,18.64053,19.10167,19.5002,..,..
Greenland,GRL,"School life expectancy, primary to tertiary, both sexes (years)",SE.SCH.LIFE,..,..,..,..,..,..,..
Grenada,GRD,"School life expectancy, primary to tertiary, both sexes (years)",SE.SCH.LIFE,..,18.8692,18.81738,18.48952,18.62984,..,..
Guam,GUM,"School life expectancy, primary to tertiary, both sexes (years)",SE.SCH.LIFE,..,..,..,..,..,..,..
Guatemala,GTM,"School life expectancy, primary to tertiary, both sexes (years)",SE.SCH.LIFE,10.7036,10.75268,..,..,..,..,..
Guinea,GIN,"School life expectancy, primary to tertiary, both sexes (years)",SE.SCH.LIFE,9.00926,..,..,..,..,..,..
Guinea-Bissau,GNB,"School life expectancy, primary to tertiary, both sexes (years)",SE.SCH.LIFE,..,..,..,..,..,..,..
Guyana,GUY,"School life expectancy, primary to tertiary, both sexes (years)",SE.SCH.LIFE,..,..,..,..,..,..,..
Haiti,HTI,"School life expectancy, primary to tertiary, both sexes (years)",SE.SCH.LIFE,..,..,..,..,..,..,..
Heavily indebted poor countries (HIPC),HPC,"School life expectancy, primary to tertiary, both sexes (years)",SE.SCH.LIFE,9.28219,9.27954,9.26293,9.30213,9.37657,..,..
High income,HIC,"School life expectancy, primary to tertiary, both sexes (years)",SE.SCH.LIFE,16.26428,16.30657,16.32664,16.36157,16.33589,16.3738,..
Honduras,HND,"School life expectancy, primary to tertiary, both sexes (years)",SE.SCH.LIFE,9.67536,9.88421,9.93949,10.06014,..,..,..
"Hong Kong SAR, China",HKG,"School life expectancy, primary to tertiary, both sexes (years)",SE.SCH.LIFE,16.31943,16.45096,16.46667,16.63245,16.92947,17.22212,..
Hungary,HUN,"School life expectancy, primary to tertiary, both sexes (years)",SE.SCH.LIFE,15.42549,15.2196,15.11898,15.20418,15.12946,..,..
IBRD only,IBD,"School life expectancy, primary to tertiary, both sexes (years)",SE.SCH.LIFE,12.95357,13.08226,13.28013,13.3081,13.21304,13.31946,..
Iceland,ISL,"School life expectancy, primary to tertiary, both sexes (years)",SE.SCH.LIFE,19.58977,19.3477,19.17451,19.08309,19.17563,..,..
IDA & IBRD total,IBT,"School life expectancy, primary to tertiary, both sexes (years)",SE.SCH.LIFE,11.65759,11.7424,11.87036,11.88044,11.84679,11.92416,..
IDA blend,IDB,"School life expectancy, primary to tertiary, both sexes (years)",SE.SCH.LIFE,8.8435,8.87099,8.89505,8.86139,8.96318,9.02139,..
IDA only,IDX,"School life expectancy, primary to tertiary, both sexes (years)",SE.SCH.LIFE,9.46302,9.49532,9.53637,9.57298,9.69321,9.74607,..
IDA total,IDA,"School life expectancy, primary to tertiary, both sexes (years)",SE.SCH.LIFE,9.26491,9.29525,9.32985,9.34229,9.45563,9.50946,..
India,IND,"School life expectancy, primary to tertiary, both sexes (years)",SE.SCH.LIFE,11.86467,11.94596,12.34237,12.16274,..,11.46347,..
Indonesia,IDN,"School life expectancy, primary to tertiary, both sexes (years)",SE.SCH.LIFE,12.88266,13.33804,13.35651,13.53097,13.60698,..,..
"Iran, Islamic Rep.",IRN,"School life expectancy, primary to tertiary, both sexes (years)",SE.SCH.LIFE,14.65942,..,14.93214,14.81373,..,..,..
Iraq,IRQ,"School life expectancy, primary to tertiary, both sexes (years)",SE.SCH.LIFE,..,..,..,..,..,..,..
Ireland,IRL,"School life expectancy, primary to tertiary, both sexes (years)",SE.SCH.LIFE,18.18282,18.70903,18.79326,18.70529,19.75616,..,..
Isle of Man,IMN,"School life expectancy, primary to tertiary, both sexes (years)",SE.SCH.LIFE,..,..,..,..,..,..,..
Israel,ISR,"School life expectancy, primary to tertiary, both sexes (years)",SE.SCH.LIFE,16.16893,16.17113,16.08654,16.16283,16.12526,..,..
Italy,ITA,"School life expectancy, primary to tertiary, both sexes (years)",SE.SCH.LIFE,16.10825,16.03337,15.97876,16.0889,16.17504,..,..
Jamaica,JAM,"School life expectancy, primary to tertiary, both sexes (years)",SE.SCH.LIFE,..,12.33967,..,..,..,..,..
Japan,JPN,"School life expectancy, primary to tertiary, both sexes (years)",SE.SCH.LIFE,..,..,..,..,..,..,..
Jordan,JOR,"School life expectancy, primary to tertiary, both sexes (years)",SE.SCH.LIFE,..,..,..,10.14295,10.41677,..,..
Kazakhstan,KAZ,"School life expectancy, primary to tertiary, both sexes (years)",SE.SCH.LIFE,15.12672,15.11816,15.14946,15.29436,15.44011,15.61293,..
Kenya,KEN,"School life expectancy, primary to tertiary, both sexes (years)",SE.SCH.LIFE,..,..,..,..,..,..,..
Kiribati,KIR,"School life expectancy, primary to tertiary, both sexes (years)",SE.SCH.LIFE,..,..,..,..,..,..,..
"Korea, South",PRK,"School life expectancy, primary to tertiary, both sexes (years)",SE.SCH.LIFE,..,10.78317,..,..,..,..,..
"Korea, Rep.",KOR,"School life expectancy, primary to tertiary, both sexes (years)",SE.SCH.LIFE,16.64546,16.6031,16.50547,16.48165,16.49396,..,..
Kosovo,XKX,"School life expectancy, primary to tertiary, both sexes (years)",SE.SCH.LIFE,..,..,..,..,..,..,..
Kuwait,KWT,"School life expectancy, primary to tertiary, both sexes (years)",SE.SCH.LIFE,14.24582,14.69398,..,..,..,..,..
Kyrgyz Republic,KGZ,"School life expectancy, primary to tertiary, both sexes (years)",SE.SCH.LIFE,13.01056,12.96703,13.03037,12.97451,12.96756,13.03588,..
Lao PDR,LAO,"School life expectancy, primary to tertiary, both sexes (years)",SE.SCH.LIFE,11.09207,11.22174,11.15811,10.98724,10.6347,10.47854,..
Late-demographic dividend,LTE,"School life expectancy, primary to tertiary, both sexes (years)",SE.SCH.LIFE,13.50459,13.61076,13.70261,13.81562,14.03314,14.27722,..
Latin America & Caribbean,LCN,"School life expectancy, primary to tertiary, both sexes (years)",SE.SCH.LIFE,14.48783,14.55317,14.70377,14.73335,14.84014,14.91434,..
Latin America & Caribbean (excluding high income),LAC,"School life expectancy, primary to tertiary, both sexes (years)",SE.SCH.LIFE,14.44999,14.50889,14.66608,14.69444,14.80232,14.88139,..
Latin America & the Caribbean (IDA & IBRD countries),TLA,"School life expectancy, primary to tertiary, both sexes (years)",SE.SCH.LIFE,14.4921,14.55487,14.7122,14.73792,14.8442,14.92021,..
Latvia,LVA,"School life expectancy, primary to tertiary, both sexes (years)",SE.SCH.LIFE,15.817,15.8314,15.98269,16.16769,16.23089,..,..
Least developed countries: UN classification,LDC,"School life expectancy, primary to tertiary, both sexes (years)",SE.SCH.LIFE,9.40688,9.4212,9.45754,9.48157,9.59553,9.63042,..
Lebanon,LBN,"School life expectancy, primary to tertiary, both sexes (years)",SE.SCH.LIFE,..,..,..,..,..,..,..
Lending category not classified,LNX,"School life expectancy, primary to tertiary, both sexes (years)",SE.SCH.LIFE,..,..,..,..,..,..,..
Lesotho,LSO,"School life expectancy, primary to tertiary, both sexes (years)",SE.SCH.LIFE,11.92323,11.81651,..,12.13149,..,..,..
Liberia,LBR,"School life expectancy, primary to tertiary, both sexes (years)",SE.SCH.LIFE,..,..,..,..,..,..,..
Libya,LBY,"School life expectancy, primary to tertiary, both sexes (years)",SE.SCH.LIFE,..,..,..,..,..,..,..
Liechtenstein,LIE,"School life expectancy, primary to tertiary, both sexes (years)",SE.SCH.LIFE,14.63511,14.71424,14.72093,14.90233,14.62087,..,..
Lithuania,LTU,"School life expectancy, primary to tertiary, both sexes (years)",SE.SCH.LIFE,16.46251,16.44508,16.49953,16.63731,16.56925,..,..
Low & middle income,LMY,"School life expectancy, primary to tertiary, both sexes (years)",SE.SCH.LIFE,11.6263,11.71114,11.84007,11.85101,11.81827,11.8969,..
Low income,LIC,"School life expectancy, primary to tertiary, both sexes (years)",SE.SCH.LIFE,9.10655,9.04131,9.0825,..,..,..,..
Lower middle income,LMC,"School life expectancy, primary to tertiary, both sexes (years)",SE.SCH.LIFE,10.98988,11.0803,11.26034,11.21245,11.03276,11.06614,..
Luxembourg,LUX,"School life expectancy, primary to tertiary, both sexes (years)",SE.SCH.LIFE,..,14.06477,14.22752,14.25582,14.31532,..,..
"Macao SAR, China",MAC,"School life expectancy, primary to tertiary, both sexes (years)",SE.SCH.LIFE,14.06245,14.55335,15.26308,15.64829,15.94867,16.44214,..
Madagascar,MDG,"School life expectancy, primary to tertiary, both sexes (years)",SE.SCH.LIFE,10.43931,10.56871,10.41318,..,10.17392,..,..
Malawi,MWI,"School life expectancy, primary to tertiary, both sexes (years)",SE.SCH.LIFE,..,..,..,..,..,..,..
Malaysia,MYS,"School life expectancy, primary to tertiary, both sexes (years)",SE.SCH.LIFE,13.4519,13.66391,13.87247,13.67864,..,..,..
Maldives,MDV,"School life expectancy, primary to tertiary, both sexes (years)",SE.SCH.LIFE,..,..,..,..,..,..,..
Mali,MLI,"School life expectancy, primary to tertiary, both sexes (years)",SE.SCH.LIFE,7.54131,7.34784,7.40398,7.46106,..,..,..
Malta,MLT,"School life expectancy, primary to tertiary, both sexes (years)",SE.SCH.LIFE,15.41316,15.70612,15.84723,16.10407,16.58428,..,..
Marshall Islands,MHL,"School life expectancy, primary to tertiary, both sexes (years)",SE.SCH.LIFE,..,..,..,..,..,10.23932,..
Mauritania,MRT,"School life expectancy, primary to tertiary, both sexes (years)",SE.SCH.LIFE,..,9.02561,8.61794,8.58834,9.07599,9.34855,..
Mauritius,MUS,"School life expectancy, primary to tertiary, both sexes (years)",SE.SCH.LIFE,15.31831,15.05727,15.09777,15.0566,..,..,..
Mayotte,MYT,"School life expectancy, primary to tertiary, both sexes (years)",SE.SCH.LIFE,..,..,..,..,..,..,..
Mexico,MEX,"School life expectancy, primary to tertiary, both sexes (years)",SE.SCH.LIFE,14.04315,14.19681,14.63751,14.80978,14.86537,..,..
"Micronesia, Fed. Sts.",FSM,"School life expectancy, primary to tertiary, both sexes (years)",SE.SCH.LIFE,..,..,..,..,..,..,..
Middle East & North Africa,MEA,"School life expectancy, primary to tertiary, both sexes (years)",SE.SCH.LIFE,12.8552,12.98744,13.06198,13.1205,13.18547,..,..
Middle East & North Africa (excluding high income),MNA,"School life expectancy, primary to tertiary, both sexes (years)",SE.SCH.LIFE,12.47451,12.62173,12.73702,12.83671,12.91248,..,..
Middle East & North Africa (IDA & IBRD countries),TMN,"School life expectancy, primary to tertiary, both sexes (years)",SE.SCH.LIFE,12.46297,12.61205,12.72952,12.82813,12.90444,..,..
Middle income,MIC,"School life expectancy, primary to tertiary, both sexes (years)",SE.SCH.LIFE,12.07517,12.19226,12.34363,12.35936,12.31942,12.41887,..
Moldova,MDA,"School life expectancy, primary to tertiary, both sexes (years)",SE.SCH.LIFE,11.76271,11.63386,11.56715,11.61391,11.53408,11.42658,..
Monaco,MCO,"School life expectancy, primary to tertiary, both sexes (years)",SE.SCH.LIFE,..,..,..,..,..,..,..
Mongolia,MNG,"School life expectancy, primary to tertiary, both sexes (years)",SE.SCH.LIFE,..,..,..,..,..,..,..
Montenegro,MNE,"School life expectancy, primary to tertiary, both sexes (years)",SE.SCH.LIFE,..,..,14.89724,15.02132,14.99968,14.9452,..
Morocco,MAR,"School life expectancy, primary to tertiary, both sexes (years)",SE.SCH.LIFE,..,..,..,13.50344,13.72117,13.95808,..
Mozambique,MOZ,"School life expectancy, primary to tertiary, both sexes (years)",SE.SCH.LIFE,9.87003,9.87895,..,9.97402,..,..,..
Myanmar,MMR,"School life expectancy, primary to tertiary, both sexes (years)",SE.SCH.LIFE,..,..,..,..,10.67024,..,..
Namibia,NAM,"School life expectancy, primary to tertiary, both sexes (years)",SE.SCH.LIFE,..,..,..,..,..,..,..
Nauru,NRU,"School life expectancy, primary to tertiary, both sexes (years)",SE.SCH.LIFE,..,..,..,..,..,..,..
Nepal,NPL,"School life expectancy, primary to tertiary, both sexes (years)",SE.SCH.LIFE,12.59261,12.65251,12.6192,12.75613,..,13.15132,..
Netherlands,NLD,"School life expectancy, primary to tertiary, both sexes (years)",SE.SCH.LIFE,..,18.0801,18.04483,18.48513,18.55993,..,..
Netherlands Antilles,ANT,"School life expectancy, primary to tertiary, both sexes (years)",SE.SCH.LIFE,..,..,..,..,..,..,..
New Caledonia,NCL,"School life expectancy, primary to tertiary, both sexes (years)",SE.SCH.LIFE,..,..,..,..,..,..,..
New Zealand,NZL,"School life expectancy, primary to tertiary, both sexes (years)",SE.SCH.LIFE,18.80342,18.86965,18.1245,18.83857,18.87855,..,..
Nicaragua,NIC,"School life expectancy, primary to tertiary, both sexes (years)",SE.SCH.LIFE,..,..,..,..,..,..,..
Niger,NER,"School life expectancy, primary to tertiary, both sexes (years)",SE.SCH.LIFE,..,5.91809,6.21518,6.40677,..,..,..
Nigeria,NGA,"School life expectancy, primary to tertiary, both sexes (years)",SE.SCH.LIFE,..,..,..,..,..,..,..
North America,NAC,"School life expectancy, primary to tertiary, both sexes (years)",SE.SCH.LIFE,16.11944,16.16435,16.25008,16.29613,16.2776,16.346,..
North Macedonia,MKD,"School life expectancy, primary to tertiary, both sexes (years)",SE.SCH.LIFE,12.96149,13.32862,..,13.5852,13.50733,..,..
Northern Mariana Islands,MNP,"School life expectancy, primary to tertiary, both sexes (years)",SE.SCH.LIFE,..,..,..,..,..,..,..
Norway,NOR,"School life expectancy, primary to tertiary, both sexes (years)",SE.SCH.LIFE,17.68294,17.78389,17.96913,18.06615,18.12005,..,..
OECD members,OED,"School life expectancy, primary to tertiary, both sexes (years)",SE.SCH.LIFE,15.99908,16.08847,16.22176,16.31277,16.31167,16.32763,..
Oman,OMN,"School life expectancy, primary to tertiary, both sexes (years)",SE.SCH.LIFE,..,14.26833,14.63818,14.18214,14.11615,14.3109,..
Other small states,OSS,"School life expectancy, primary to tertiary, both sexes (years)",SE.SCH.LIFE,11.80744,11.93238,..,..,..,..,..
Pacific island small states,PSS,"School life expectancy, primary to tertiary, both sexes (years)",SE.SCH.LIFE,..,..,..,..,..,..,..
Pakistan,PAK,"School life expectancy, primary to tertiary, both sexes (years)",SE.SCH.LIFE,7.29691,7.58429,7.98945,7.93173,8.27594,..,..
Palau,PLW,"School life expectancy, primary to tertiary, both sexes (years)",SE.SCH.LIFE,..,..,..,..,..,..,..
Panama,PAN,"School life expectancy, primary to tertiary, both sexes (years)",SE.SCH.LIFE,12.70684,12.70657,12.90561,..,..,..,..
Papua New Guinea,PNG,"School life expectancy, primary to tertiary, both sexes (years)",SE.SCH.LIFE,..,..,..,..,..,..,..
Paraguay,PRY,"School life expectancy, primary to tertiary, both sexes (years)",SE.SCH.LIFE,..,..,..,..,..,..,..
Peru,PER,"School life expectancy, primary to tertiary, both sexes (years)",SE.SCH.LIFE,..,..,14.86187,14.99071,..,..,..
Philippines,PHL,"School life expectancy, primary to tertiary, both sexes (years)",SE.SCH.LIFE,12.64979,..,..,13.14836,..,..,..
Poland,POL,"School life expectancy, primary to tertiary, both sexes (years)",SE.SCH.LIFE,15.98247,..,..,16.08063,16.02599,..,..
Portugal,PRT,"School life expectancy, primary to tertiary, both sexes (years)",SE.SCH.LIFE,16.51876,16.44728,16.37409,16.53579,16.72012,..,..
Post-demographic dividend,PST,"School life expectancy, primary to tertiary, both sexes (years)",SE.SCH.LIFE,16.27519,16.30653,16.35352,16.40744,16.37001,16.39402,..
Pre-demographic dividend,PRE,"School life expectancy, primary to tertiary, both sexes (years)",SE.SCH.LIFE,9.17522,9.10187,9.02623,9.06742,..,..,..
Puerto Rico,PRI,"School life expectancy, primary to tertiary, both sexes (years)",SE.SCH.LIFE,15.36546,16.88338,15.85019,..,16.41977,..,..
Qatar,QAT,"School life expectancy, primary to tertiary, both sexes (years)",SE.SCH.LIFE,11.43953,11.99582,12.21823,11.90872,12.02343,12.30768,..
Romania,ROU,"School life expectancy, primary to tertiary, both sexes (years)",SE.SCH.LIFE,..,14.63422,14.32149,14.25988,14.275,..,..
Russian Federation,RUS,"School life expectancy, primary to tertiary, both sexes (years)",SE.SCH.LIFE,14.77152,15.1291,15.20601,15.02735,15.70724,..,..
Rwanda,RWA,"School life expectancy, primary to tertiary, both sexes (years)",SE.SCH.LIFE,11.45512,11.09285,11.49982,11.49604,11.18666,11.23097,..
Samoa,WSM,"School life expectancy, primary to tertiary, both sexes (years)",SE.SCH.LIFE,..,..,..,..,..,..,..
San Marino,SMR,"School life expectancy, primary to tertiary, both sexes (years)",SE.SCH.LIFE,..,..,..,..,13.04993,13.096,..
Sao Tome and Principe,STP,"School life expectancy, primary to tertiary, both sexes (years)",SE.SCH.LIFE,11.57118,12.38349,..,..,..,..,..
Saudi Arabia,SAU,"School life expectancy, primary to tertiary, both sexes (years)",SE.SCH.LIFE,..,..,16.13575,15.63002,15.67513,16.02644,..
Senegal,SEN,"School life expectancy, primary to tertiary, both sexes (years)",SE.SCH.LIFE,9.2793,9.27044,..,..,..,8.84401,..
Serbia,SRB,"School life expectancy, primary to tertiary, both sexes (years)",SE.SCH.LIFE,14.36068,14.55158,14.64188,14.76615,14.73747,14.65697,..
Seychelles,SYC,"School life expectancy, primary to tertiary, both sexes (years)",SE.SCH.LIFE,14.26441,14.19938,14.10878,13.89397,14.14966,14.19275,..
Sierra Leone,SLE,"School life expectancy, primary to tertiary, both sexes (years)",SE.SCH.LIFE,..,..,..,..,..,..,..
Singapore,SGP,"School life expectancy, primary to tertiary, both sexes (years)",SE.SCH.LIFE,..,..,16.31658,16.44088,16.51959,..,..
Sint Maarten (Dutch part),SXM,"School life expectancy, primary to tertiary, both sexes (years)",SE.SCH.LIFE,12.29529,..,..,..,..,..,..
Slovak Republic,SVK,"School life expectancy, primary to tertiary, both sexes (years)",SE.SCH.LIFE,14.80398,14.67734,14.5318,14.48704,14.48058,..,..
Slovenia,SVN,"School life expectancy, primary to tertiary, both sexes (years)",SE.SCH.LIFE,17.33702,17.29199,17.50057,17.57206,17.59638,..,..
Small states,SST,"School life expectancy, primary to tertiary, both sexes (years)",SE.SCH.LIFE,12.03992,12.13857,..,..,..,..,..
Solomon Islands,SLB,"School life expectancy, primary to tertiary, both sexes (years)",SE.SCH.LIFE,..,..,..,..,..,..,..
Somalia,SOM,"School life expectancy, primary to tertiary, both sexes (years)",SE.SCH.LIFE,..,..,..,..,..,..,..
South Africa,ZAF,"School life expectancy, primary to tertiary, both sexes (years)",SE.SCH.LIFE,13.99991,..,14.01766,13.7912,13.53531,..,..
South Asia,SAS,"School life expectancy, primary to tertiary, both sexes (years)",SE.SCH.LIFE,11.15485,11.26127,11.6263,11.46786,11.081,11.07772,..
South Asia (IDA & IBRD),TSA,"School life expectancy, primary to tertiary, both sexes (years)",SE.SCH.LIFE,11.15485,11.26127,11.6263,11.46786,11.081,11.07772,..
South Sudan,SSD,"School life expectancy, primary to tertiary, both sexes (years)",SE.SCH.LIFE,..,..,..,..,..,..,..
Spain,ESP,"School life expectancy, primary to tertiary, both sexes (years)",SE.SCH.LIFE,17.29005,17.47447,17.54028,17.61613,17.75741,..,..
Sri Lanka,LKA,"School life expectancy, primary to tertiary, both sexes (years)",SE.SCH.LIFE,..,..,13.82598,13.90753,14.11107,..,..
St. Kitts and Nevis,KNA,"School life expectancy, primary to tertiary, both sexes (years)",SE.SCH.LIFE,17.24853,17.45182,..,..,..,..,..
St. Lucia,LCA,"School life expectancy, primary to tertiary, both sexes (years)",SE.SCH.LIFE,..,13.89519,14.34615,14.04967,13.99927,12.93919,..
St. Martin (French part),MAF,"School life expectancy, primary to tertiary, both sexes (years)",SE.SCH.LIFE,..,..,..,..,..,..,..
St. Vincent and the Grenadines,VCT,"School life expectancy, primary to tertiary, both sexes (years)",SE.SCH.LIFE,14.30531,14.31507,..,..,..,..,..
Sub-Saharan Africa,SSF,"School life expectancy, primary to tertiary, both sexes (years)",SE.SCH.LIFE,9.34941,9.31482,9.24532,9.26595,..,..,..
Sub-Saharan Africa (excluding high income),SSA,"School life expectancy, primary to tertiary, both sexes (years)",SE.SCH.LIFE,9.34598,9.31168,9.24229,9.2631,..,..,..
Sub-Saharan Africa (IDA & IBRD countries),TSS,"School life expectancy, primary to tertiary, both sexes (years)",SE.SCH.LIFE,9.34941,9.31482,9.24532,9.26595,..,..,..
Sudan,SDN,"School life expectancy, primary to tertiary, both sexes (years)",SE.SCH.LIFE,7.52345,7.60984,..,..,..,..,..
Suriname,SUR,"School life expectancy, primary to tertiary, both sexes (years)",SE.SCH.LIFE,..,..,..,..,..,..,..
Sweden,SWE,"School life expectancy, primary to tertiary, both sexes (years)",SE.SCH.LIFE,18.19613,18.5686,18.83243,19.48234,19.69102,..,..
Switzerland,CHE,"School life expectancy, primary to tertiary, both sexes (years)",SE.SCH.LIFE,..,16.19401,16.24938,16.32844,16.41327,..,..
Syrian Arab Republic,SYR,"School life expectancy, primary to tertiary, both sexes (years)",SE.SCH.LIFE,..,..,..,..,..,..,..
Tajikistan,TJK,"School life expectancy, primary to tertiary, both sexes (years)",SE.SCH.LIFE,..,..,..,..,..,..,..
Tanzania,TZA,"School life expectancy, primary to tertiary, both sexes (years)",SE.SCH.LIFE,..,8.52868,..,8.0976,..,9.11705,..
Thailand,THA,"School life expectancy, primary to tertiary, both sexes (years)",SE.SCH.LIFE,15.71035,..,15.42484,..,..,..,..
Timor-Leste,TLS,"School life expectancy, primary to tertiary, both sexes (years)",SE.SCH.LIFE,..,..,..,..,..,..,..
Togo,TGO,"School life expectancy, primary to tertiary, both sexes (years)",SE.SCH.LIFE,..,..,..,12.66498,..,..,..
Tokelau,TKL,"School life expectancy, primary to tertiary, both sexes (years)",SE.SCH.LIFE,..,..,..,..,..,..,..
Tonga,TON,"School life expectancy, primary to tertiary, both sexes (years)",SE.SCH.LIFE,..,..,..,..,..,..,..
Trinidad and Tobago,TTO,"School life expectancy, primary to tertiary, both sexes (years)",SE.SCH.LIFE,..,..,..,..,..,..,..
Tunisia,TUN,"School life expectancy, primary to tertiary, both sexes (years)",SE.SCH.LIFE,14.76702,14.89108,15.12561,..,..,..,..
Turkey,TUR,"School life expectancy, primary to tertiary, both sexes (years)",SE.SCH.LIFE,16.92144,17.32137,17.69868,17.98141,18.15805,..,..
Turkmenistan,TKM,"School life expectancy, primary to tertiary, both sexes (years)",SE.SCH.LIFE,..,..,..,..,..,12.93278,..
Turks and Caicos Islands,TCA,"School life expectancy, primary to tertiary, both sexes (years)",SE.SCH.LIFE,..,8.76435,..,..,..,..,..
Tuvalu,TUV,"School life expectancy, primary to tertiary, both sexes (years)",SE.SCH.LIFE,..,..,..,..,..,..,..
Uganda,UGA,"School life expectancy, primary to tertiary, both sexes (years)",SE.SCH.LIFE,..,..,..,..,..,..,..
Ukraine,UKR,"School life expectancy, primary to tertiary, both sexes (years)",SE.SCH.LIFE,14.86395,..,..,..,..,..,..
United Arab Emirates,ARE,"School life expectancy, primary to tertiary, both sexes (years)",SE.SCH.LIFE,..,..,13.42131,14.3441,..,..,..
United Kingdom,GBR,"School life expectancy, primary to tertiary, both sexes (years)",SE.SCH.LIFE,17.48591,17.32866,..,17.49843,17.24805,..,..
United States,USA,"School life expectancy, primary to tertiary, both sexes (years)",SE.SCH.LIFE,16.14966,16.19199,16.27448,16.31038,16.28335,..,..
Upper middle income,UMC,"School life expectancy, primary to tertiary, both sexes (years)",SE.SCH.LIFE,13.67616,13.83029,13.93749,14.03918,14.19347,14.36332,..
Uruguay,URY,"School life expectancy, primary to tertiary, both sexes (years)",SE.SCH.LIFE,16.32092,16.34381,16.63433,16.83564,..,..,..
Uzbekistan,UZB,"School life expectancy, primary to tertiary, both sexes (years)",SE.SCH.LIFE,11.70829,11.75932,11.89164,12.05882,12.25256,12.47714,..
Vanuatu,VUT,"School life expectancy, primary to tertiary, both sexes (years)",SE.SCH.LIFE,..,..,..,..,..,..,..
"Venezuela, RB",VEN,"School life expectancy, primary to tertiary, both sexes (years)",SE.SCH.LIFE,..,..,..,..,..,..,..
Vietnam,VNM,"School life expectancy, primary to tertiary, both sexes (years)",SE.SCH.LIFE,..,..,..,..,..,..,..
Virgin Islands (U.S.),VIR,"School life expectancy, primary to tertiary, both sexes (years)",SE.SCH.LIFE,..,..,..,..,..,..,..
West Bank and Gaza,PSE,"School life expectancy, primary to tertiary, both sexes (years)",SE.SCH.LIFE,13.17203,13.20928,13.19561,13.36407,13.4094,13.40559,..
World,WLD,"School life expectancy, primary to tertiary, both sexes (years)",SE.SCH.LIFE,12.10923,12.18494,12.30258,12.31239,12.27536,12.34497,..
"Yemen, Rep.",YEM,"School life expectancy, primary to tertiary, both sexes (years)",SE.SCH.LIFE,..,..,..,..,..,..,..
Zambia,ZMB,"School life expectancy, primary to tertiary, both sexes (years)",SE.SCH.LIFE,..,..,..,..,..,..,..
Zimbabwe,ZWE,"School life expectancy, primary to tertiary, both sexes (years)",SE.SCH.LIFE,..,..,..,..,..,..,..
